Biography,User Homepage,Photo URL
"🤍 TN 
      Proverbs 18:2 💗
@henleysupplymillwork",https://www.instagram.com/laurahenley,https://z-p4-instagram.frjh7-1.fna.fbcdn.net/v/t51.2885-19/491430792_1154542940019849_42948162994120475_n.jpg?stp=dst-jpg_s150x150_tt6&_nc_ht=z-p4-instagram.frjh7-1.fna.fbcdn.net&_nc_cat=109&_nc_oc=Q6cZ2QHUMWXwzJ5sAmJLszLd1mvGdUIdieVlyFJKy_SFfJic43VLkt16dElKdIrz3SiQK8r8D2SuGool1q1AaKkmohHF&_nc_ohc=6UDXAOmC6M0Q7kNvwHSLTtI&_nc_gid=IDO6q0L8nNHuHgTxhG3ZtA&edm=AOG-cTkBAAAA&ccb=7-5&oh=00_AfFzjDAEbmq-WN6YPgppQflmFvNQrVEignNGhcK4QSR2RA&oe=6806F136&_nc_sid=17ea04
"Give the ones you love wings to fly,roots to come back,and reasons to stay💕
@hairbyllanaa💇🏼‍♀️
Romans8:28JesuslovingWoman
Tennessee🏡",https://www.instagram.com/alanababyocon,https://z-p4-instagram.frjh7-1.fna.fbcdn.net/v/t51.2885-19/319905708_526887119484551_8403200476179758722_n.jpg?stp=dst-jpg_s150x150_tt6&_nc_ht=z-p4-instagram.frjh7-1.fna.fbcdn.net&_nc_cat=111&_nc_oc=Q6cZ2QHUMWXwzJ5sAmJLszLd1mvGdUIdieVlyFJKy_SFfJic43VLkt16dElKdIrz3SiQK8r8D2SuGool1q1AaKkmohHF&_nc_ohc=PBzY8Iw8gO8Q7kNvwGfL1KJ&_nc_gid=IDO6q0L8nNHuHgTxhG3ZtA&edm=AOG-cTkBAAAA&ccb=7-5&oh=00_AfGZ4yfzicuysyDmKBUVVKViHJh7Nv00NP5wPqexfMccVA&oe=6806DA7E&_nc_sid=17ea04
🇺🇸,https://www.instagram.com/shatty615,https://z-p4-instagram.frjh7-1.fna.fbcdn.net/v/t51.2885-19/396755238_720373869440334_1256285739243996012_n.jpg?stp=dst-jpg_s150x150_tt6&_nc_ht=z-p4-instagram.frjh7-1.fna.fbcdn.net&_nc_cat=106&_nc_oc=Q6cZ2QHUMWXwzJ5sAmJLszLd1mvGdUIdieVlyFJKy_SFfJic43VLkt16dElKdIrz3SiQK8r8D2SuGool1q1AaKkmohHF&_nc_ohc=YJpgzWwWMOwQ7kNvwGYbUmn&_nc_gid=IDO6q0L8nNHuHgTxhG3ZtA&edm=AOG-cTkBAAAA&ccb=7-5&oh=00_AfFXk4n0I-REoC1TkdRAlSa9m89hDHz3_xTcP0HNmgaKtA&oe=6806DF21&_nc_sid=17ea04
,https://www.instagram.com/kyleigh_nelson,https://z-p4-instagram.frjh7-1.fna.fbcdn.net/v/t51.2885-19/167417538_278278920453172_8789885699551549863_n.jpg?stp=dst-jpg_s150x150_tt6&_nc_ht=z-p4-instagram.frjh7-1.fna.fbcdn.net&_nc_cat=104&_nc_oc=Q6cZ2QHUMWXwzJ5sAmJLszLd1mvGdUIdieVlyFJKy_SFfJic43VLkt16dElKdIrz3SiQK8r8D2SuGool1q1AaKkmohHF&_nc_ohc=dBVEgVpJx10Q7kNvwEQiwvy&_nc_gid=IDO6q0L8nNHuHgTxhG3ZtA&edm=AOG-cTkBAAAA&ccb=7-5&oh=00_AfFRH6sQbh1Dbha00k55lJN583rWyOC1JsfkB87yiJpJBg&oe=6806FC7B&_nc_sid=17ea04
"Kansas City!! Dog and cat mom, Millie Jean 🐶 and Maple Anne 🐱. dental is life 🦷, jeep 🙌🏽, looking for my husband 🥺",https://www.instagram.com/erikahogan42,https://z-p4-instagram.frjh7-1.fna.fbcdn.net/v/t51.2885-19/483210051_1677538949804569_35719607513854300_n.jpg?stp=dst-jpg_s150x150_tt6&_nc_ht=z-p4-instagram.frjh7-1.fna.fbcdn.net&_nc_cat=101&_nc_oc=Q6cZ2QHUMWXwzJ5sAmJLszLd1mvGdUIdieVlyFJKy_SFfJic43VLkt16dElKdIrz3SiQK8r8D2SuGool1q1AaKkmohHF&_nc_ohc=Fxkt98WPOOMQ7kNvwExXsva&_nc_gid=IDO6q0L8nNHuHgTxhG3ZtA&edm=AOG-cTkBAAAA&ccb=7-5&oh=00_AfFQdUdVieWP8bvZq49QgKJGo5kLLuCT4XkiJGaHdU3JwQ&oe=6806F43C&_nc_sid=17ea04
"Snap : e_crane10
ABAC 29’",https://www.instagram.com/crane.emory,https://z-p4-instagram.frjh7-1.fna.fbcdn.net/v/t51.2885-19/488202360_1748482069378691_5843147082653036021_n.jpg?stp=dst-jpg_s150x150_tt6&_nc_ht=z-p4-instagram.frjh7-1.fna.fbcdn.net&_nc_cat=111&_nc_oc=Q6cZ2QHUMWXwzJ5sAmJLszLd1mvGdUIdieVlyFJKy_SFfJic43VLkt16dElKdIrz3SiQK8r8D2SuGool1q1AaKkmohHF&_nc_ohc=aORQQAq-BksQ7kNvwEg2ttM&_nc_gid=IDO6q0L8nNHuHgTxhG3ZtA&edm=AOG-cTkBAAAA&ccb=7-5&oh=00_AfFhsN3ukOkv33au2MIGABI_cuYlvlSNZz-3qzlrUe_GPQ&oe=6806E6CF&_nc_sid=17ea04
"TN🌾
💎2018 cummins💎
👻Cooper_Conley22👻
Owner:@conleydetailing",https://www.instagram.com/cooper_conley22,https://z-p4-instagram.frjh7-1.fna.fbcdn.net/v/t51.2885-19/487311481_966321115608125_3064275506212056835_n.jpg?stp=dst-jpg_s150x150_tt6&_nc_ht=z-p4-instagram.frjh7-1.fna.fbcdn.net&_nc_cat=105&_nc_oc=Q6cZ2QHUMWXwzJ5sAmJLszLd1mvGdUIdieVlyFJKy_SFfJic43VLkt16dElKdIrz3SiQK8r8D2SuGool1q1AaKkmohHF&_nc_ohc=2jLzObKR26QQ7kNvwEtpJdQ&_nc_gid=IDO6q0L8nNHuHgTxhG3ZtA&edm=AOG-cTkBAAAA&ccb=7-5&oh=00_AfF0rFEuW9smY_KuHlrMkTwHLBb8grkV--uXIy-wLBHZXg&oe=6806DE40&_nc_sid=17ea04
"UGA Alum
Follower of Christ ✝️
Follow my Art and Photo pages ⬇️ 
@art_of_zachary 
@zjt.photo",https://www.instagram.com/zachthompson44,https://z-p4-instagram.frjh7-1.fna.fbcdn.net/v/t51.2885-19/344489716_1286483038911671_1492834856580369067_n.jpg?stp=dst-jpg_s150x150_tt6&_nc_ht=z-p4-instagram.frjh7-1.fna.fbcdn.net&_nc_cat=111&_nc_oc=Q6cZ2QHUMWXwzJ5sAmJLszLd1mvGdUIdieVlyFJKy_SFfJic43VLkt16dElKdIrz3SiQK8r8D2SuGool1q1AaKkmohHF&_nc_ohc=GzQcR5LUBCcQ7kNvwFdaCPh&_nc_gid=IDO6q0L8nNHuHgTxhG3ZtA&edm=AOG-cTkBAAAA&ccb=7-5&oh=00_AfExZjpzGbmNDvjzdPfhqadMFtq161IfdwKCeMXQ9FHk_A&oe=6806EBC6&_nc_sid=17ea04
👻 erin_uhh                           TikTok- Erin_uhh3       Spam- @erinsfrickenspam,https://www.instagram.com/erin_uhhh,https://z-p4-instagram.frjh7-1.fna.fbcdn.net/v/t51.2885-19/486697102_1577859326234499_356576564381988938_n.jpg?stp=dst-jpg_s150x150_tt6&_nc_ht=z-p4-instagram.frjh7-1.fna.fbcdn.net&_nc_cat=103&_nc_oc=Q6cZ2QHUMWXwzJ5sAmJLszLd1mvGdUIdieVlyFJKy_SFfJic43VLkt16dElKdIrz3SiQK8r8D2SuGool1q1AaKkmohHF&_nc_ohc=wKHDmaOnxrEQ7kNvwF0zq_p&_nc_gid=IDO6q0L8nNHuHgTxhG3ZtA&edm=AOG-cTkBAAAA&ccb=7-5&oh=00_AfF8AwJ7iHhaqOsyHhaeG-zjdN4ECTNfiK_rjdKuifsCVA&oe=68070729&_nc_sid=17ea04
"hab varsity comp and fb cheer ‘25
romans 8:18 :)",https://www.instagram.com/emma.jarrell07,https://z-p4-instagram.frjh7-1.fna.fbcdn.net/v/t51.2885-19/490274712_1335763061014908_4533782913077351448_n.jpg?stp=dst-jpg_s150x150_tt6&_nc_ht=z-p4-instagram.frjh7-1.fna.fbcdn.net&_nc_cat=100&_nc_oc=Q6cZ2QHUMWXwzJ5sAmJLszLd1mvGdUIdieVlyFJKy_SFfJic43VLkt16dElKdIrz3SiQK8r8D2SuGool1q1AaKkmohHF&_nc_ohc=9FfhD3cDYxUQ7kNvwEXZVoY&_nc_gid=IDO6q0L8nNHuHgTxhG3ZtA&edm=AOG-cTkBAAAA&ccb=7-5&oh=00_AfFLmghW0Uun_KdnHF2E713x2l8UJc8QKJ9znO1c6G4PjA&oe=6806DDE7&_nc_sid=17ea04
"🇲🇽 cosmovision
Chef @amparofondita @elgabachotacos
Seeker @hospitalityhumans
Board/Culinary Advisor @oido.co 
Board/Co-Chair @latinoexecutivenetwork",https://www.instagram.com/christianirabien,https://z-p4-instagram.frjh7-1.fna.fbcdn.net/v/t51.2885-19/477338565_8859335594189348_520870356912086032_n.jpg?stp=dst-jpg_s150x150_tt6&_nc_ht=z-p4-instagram.frjh7-1.fna.fbcdn.net&_nc_cat=108&_nc_oc=Q6cZ2QHUMWXwzJ5sAmJLszLd1mvGdUIdieVlyFJKy_SFfJic43VLkt16dElKdIrz3SiQK8r8D2SuGool1q1AaKkmohHF&_nc_ohc=fCWNuZmfAagQ7kNvwFaEFa9&_nc_gid=IDO6q0L8nNHuHgTxhG3ZtA&edm=AOG-cTkBAAAA&ccb=7-5&oh=00_AfFz6k2M77BteCMAbnnL4wXvQqOPXVe-9bx9MPrtRve5UQ&oe=6807107E&_nc_sid=17ea04
"Hello, welcome to my profile. It ain’t much but it’s all me.",https://www.instagram.com/alexcummings609,https://z-p4-instagram.frjh7-1.fna.fbcdn.net/v/t51.2885-19/202357160_539895083832163_7917253881897580942_n.jpg?stp=dst-jpg_s150x150_tt6&_nc_ht=z-p4-instagram.frjh7-1.fna.fbcdn.net&_nc_cat=107&_nc_oc=Q6cZ2QHUMWXwzJ5sAmJLszLd1mvGdUIdieVlyFJKy_SFfJic43VLkt16dElKdIrz3SiQK8r8D2SuGool1q1AaKkmohHF&_nc_ohc=Eb4iVBCAisUQ7kNvwETdzIt&_nc_gid=IDO6q0L8nNHuHgTxhG3ZtA&edm=AOG-cTkBAAAA&ccb=7-5&oh=00_AfESfDPMp7gA2WRPLDWSKedP7PGG6jqn0Eir53iBPvc9JQ&oe=68070368&_nc_sid=17ea04
"Ga FFA!, 15, CHS, 2028 🎓, Crossdriven archery 🏹,✝️",https://www.instagram.com/ladd_sosebee,https://z-p4-instagram.frjh7-1.fna.fbcdn.net/v/t51.2885-19/484585973_1132505578613276_2022229097119348443_n.jpg?stp=dst-jpg_s150x150_tt6&_nc_ht=z-p4-instagram.frjh7-1.fna.fbcdn.net&_nc_cat=108&_nc_oc=Q6cZ2QHUMWXwzJ5sAmJLszLd1mvGdUIdieVlyFJKy_SFfJic43VLkt16dElKdIrz3SiQK8r8D2SuGool1q1AaKkmohHF&_nc_ohc=pheILwGt0UsQ7kNvwGIdQ07&_nc_gid=IDO6q0L8nNHuHgTxhG3ZtA&edm=AOG-cTkBAAAA&ccb=7-5&oh=00_AfHYcsKxF4MO4ys319o2xu4s40Ad_dsBT0fTvZg64brYvQ&oe=6806F8B3&_nc_sid=17ea04
"•sc>joleek1025
GCCS 25’",https://www.instagram.com/jolee.kelley,https://z-p4-instagram.frjh7-1.fna.fbcdn.net/v/t51.2885-19/491442732_1116581097175143_4636748241535816101_n.jpg?stp=dst-jpg_s150x150_tt6&_nc_ht=z-p4-instagram.frjh7-1.fna.fbcdn.net&_nc_cat=103&_nc_oc=Q6cZ2QHUMWXwzJ5sAmJLszLd1mvGdUIdieVlyFJKy_SFfJic43VLkt16dElKdIrz3SiQK8r8D2SuGool1q1AaKkmohHF&_nc_ohc=vphmtw0t15YQ7kNvwEXbO9U&_nc_gid=IDO6q0L8nNHuHgTxhG3ZtA&edm=AOG-cTkBAAAA&ccb=7-5&oh=00_AfHGF5BTxTRJgrZvyQUFnxVJgoLMH5bSBZeydHYUvM5oJA&oe=6806F307&_nc_sid=17ea04
🌻🌻🌻🌻🌻,https://www.instagram.com/ashley_paige_thompson,https://z-p4-instagram.frjh7-1.fna.fbcdn.net/v/t51.2885-19/483747464_559064583963143_1998813473158040396_n.jpg?stp=dst-jpg_s150x150_tt6&_nc_ht=z-p4-instagram.frjh7-1.fna.fbcdn.net&_nc_cat=111&_nc_oc=Q6cZ2QHUMWXwzJ5sAmJLszLd1mvGdUIdieVlyFJKy_SFfJic43VLkt16dElKdIrz3SiQK8r8D2SuGool1q1AaKkmohHF&_nc_ohc=w8jcTUIQqfUQ7kNvwFsGnvz&_nc_gid=IDO6q0L8nNHuHgTxhG3ZtA&edm=AOG-cTkBAAAA&ccb=7-5&oh=00_AfHSqY2u30g_hd4IWGv4okoAaAG3Q4CDyr_705MnA0EjCw&oe=6806DD94&_nc_sid=17ea04
,https://www.instagram.com/kegan__rupp,https://z-p4-instagram.frjh7-1.fna.fbcdn.net/v/t51.2885-19/485186861_622128873932396_2034162055571447367_n.jpg?stp=dst-jpg_s150x150_tt6&_nc_ht=z-p4-instagram.frjh7-1.fna.fbcdn.net&_nc_cat=108&_nc_oc=Q6cZ2QHUMWXwzJ5sAmJLszLd1mvGdUIdieVlyFJKy_SFfJic43VLkt16dElKdIrz3SiQK8r8D2SuGool1q1AaKkmohHF&_nc_ohc=6CIsdnAio8cQ7kNvwFIJL-5&_nc_gid=IDO6q0L8nNHuHgTxhG3ZtA&edm=AOG-cTkBAAAA&ccb=7-5&oh=00_AfGfpg5tV_Er3KVdg8WaDl0U9dZYLFEfYNpM1Nc8zL9mkg&oe=6806F4CC&_nc_sid=17ea04
📍Atl. GA home grown. UGA ‘27 @ugadphie,https://www.instagram.com/foster_e_stevens,https://z-p4-instagram.frjh7-1.fna.fbcdn.net/v/t51.2885-19/407980437_338142522270940_7456875138114919234_n.jpg?stp=dst-jpg_s150x150_tt6&_nc_ht=z-p4-instagram.frjh7-1.fna.fbcdn.net&_nc_cat=104&_nc_oc=Q6cZ2QHUMWXwzJ5sAmJLszLd1mvGdUIdieVlyFJKy_SFfJic43VLkt16dElKdIrz3SiQK8r8D2SuGool1q1AaKkmohHF&_nc_ohc=IOHrU7WjvXkQ7kNvwE4Uzt-&_nc_gid=IDO6q0L8nNHuHgTxhG3ZtA&edm=AOG-cTkBAAAA&ccb=7-5&oh=00_AfFIpuFkuoYRSZNFKN5esGhffMirSA_vGdMBob_aQsL0hQ&oe=6806E577&_nc_sid=17ea04
IL ➡️ TN,https://www.instagram.com/_colleenmurray_,https://z-p4-instagram.frjh7-1.fna.fbcdn.net/v/t51.2885-19/459433074_1043865014191239_3980292097724102888_n.jpg?stp=dst-jpg_s150x150_tt6&_nc_ht=z-p4-instagram.frjh7-1.fna.fbcdn.net&_nc_cat=103&_nc_oc=Q6cZ2QHUMWXwzJ5sAmJLszLd1mvGdUIdieVlyFJKy_SFfJic43VLkt16dElKdIrz3SiQK8r8D2SuGool1q1AaKkmohHF&_nc_ohc=rhVvkNOs1VsQ7kNvwGlZoua&_nc_gid=IDO6q0L8nNHuHgTxhG3ZtA&edm=AOG-cTkBAAAA&ccb=7-5&oh=00_AfHp-y8c3Cdi1Z8QrkXxWi7eavQsThq9KVS5A_8nau7KZQ&oe=6806EA55&_nc_sid=17ea04
"Agro 3/3🌾
18y",https://www.instagram.com/anabeatrizferrari5,https://z-p4-instagram.frjh7-1.fna.fbcdn.net/v/t51.2885-19/489827528_560388469861662_5441554363398580192_n.jpg?stp=dst-jpg_s150x150_tt6&_nc_ht=z-p4-instagram.frjh7-1.fna.fbcdn.net&_nc_cat=106&_nc_oc=Q6cZ2QHUMWXwzJ5sAmJLszLd1mvGdUIdieVlyFJKy_SFfJic43VLkt16dElKdIrz3SiQK8r8D2SuGool1q1AaKkmohHF&_nc_ohc=VmIa2hus-jwQ7kNvwFgtT0Z&_nc_gid=IDO6q0L8nNHuHgTxhG3ZtA&edm=AOG-cTkBAAAA&ccb=7-5&oh=00_AfFdAxTbqXLGRIeF-z1qb2SmSk5kwukt527Lo8dgpa3AJg&oe=68070373&_nc_sid=17ea04
"𝕲𝖍𝖔𝖘𝖙 𝖌𝖎𝖗𝖑👻
23⚔️",https://www.instagram.com/lola_bunny666,https://z-p4-instagram.frjh7-1.fna.fbcdn.net/v/t51.2885-19/476877743_1306486653830099_1220213378703658081_n.jpg?stp=dst-jpg_s150x150_tt6&_nc_ht=z-p4-instagram.frjh7-1.fna.fbcdn.net&_nc_cat=111&_nc_oc=Q6cZ2QHUMWXwzJ5sAmJLszLd1mvGdUIdieVlyFJKy_SFfJic43VLkt16dElKdIrz3SiQK8r8D2SuGool1q1AaKkmohHF&_nc_ohc=F-_q5xJ9N-YQ7kNvwF5Wodj&_nc_gid=IDO6q0L8nNHuHgTxhG3ZtA&edm=AOG-cTkBAAAA&ccb=7-5&oh=00_AfHoskdyF6Cve08rPR9bm-hC4BKPToy0SmYhQCmBIrx-ag&oe=68070ADE&_nc_sid=17ea04
"18 years young 
📍NC📍
✝️
👻: mylee_j6156",https://www.instagram.com/myleej_enki,https://z-p4-instagram.frjh7-1.fna.fbcdn.net/v/t51.2885-19/491461887_555061404297523_3613480979500981649_n.jpg?stp=dst-jpg_s150x150_tt6&_nc_ht=z-p4-instagram.frjh7-1.fna.fbcdn.net&_nc_cat=107&_nc_oc=Q6cZ2QHUMWXwzJ5sAmJLszLd1mvGdUIdieVlyFJKy_SFfJic43VLkt16dElKdIrz3SiQK8r8D2SuGool1q1AaKkmohHF&_nc_ohc=wsgkQVBXQZoQ7kNvwEHUmuk&_nc_gid=IDO6q0L8nNHuHgTxhG3ZtA&edm=AOG-cTkBAAAA&ccb=7-5&oh=00_AfGJFrPKIt5Rh8pL8xLoge5fzo0g1phLlLwLQpDnI-F2fQ&oe=6806DABB&_nc_sid=17ea04
"🦋🌻🍓📖
Psalm 73:26
LU 26’
Future teacher 🍎",https://www.instagram.com/lizcox04,https://z-p4-instagram.frjh7-1.fna.fbcdn.net/v/t51.2885-19/489821662_2892759034239825_6282175956482020234_n.jpg?stp=dst-jpg_s150x150_tt6&_nc_ht=z-p4-instagram.frjh7-1.fna.fbcdn.net&_nc_cat=109&_nc_oc=Q6cZ2QHUMWXwzJ5sAmJLszLd1mvGdUIdieVlyFJKy_SFfJic43VLkt16dElKdIrz3SiQK8r8D2SuGool1q1AaKkmohHF&_nc_ohc=zLX_7D8JCqAQ7kNvwHqXdSr&_nc_gid=IDO6q0L8nNHuHgTxhG3ZtA&edm=AOG-cTkBAAAA&ccb=7-5&oh=00_AfG46A6W5CIQa9o8PhrW0pud-wrPUGA1Rva5L5vk4SSztA&oe=680711FC&_nc_sid=17ea04
"‣ South Carolina 
‣ @westernthreadshatco
‣ God Made, Jesus Saved. ✞",https://www.instagram.com/annikaseshun,https://z-p4-instagram.frjh7-1.fna.fbcdn.net/v/t51.2885-19/464423340_3657662177865372_313945246045779695_n.jpg?stp=dst-jpg_s150x150_tt6&_nc_ht=z-p4-instagram.frjh7-1.fna.fbcdn.net&_nc_cat=100&_nc_oc=Q6cZ2QHUMWXwzJ5sAmJLszLd1mvGdUIdieVlyFJKy_SFfJic43VLkt16dElKdIrz3SiQK8r8D2SuGool1q1AaKkmohHF&_nc_ohc=Vw3Eix9Gzw4Q7kNvwG36w-e&_nc_gid=IDO6q0L8nNHuHgTxhG3ZtA&edm=AOG-cTkBAAAA&ccb=7-5&oh=00_AfE2Xjpeiby-QQB-QKXgiuDCI12fRW2NCpywMoJ5xtwfNA&oe=6806F0B3&_nc_sid=17ea04
"Can we skip to the good part!?
Uncw '27 not Hawaii 😭👍",https://www.instagram.com/kate.c_20,https://z-p4-instagram.frjh7-1.fna.fbcdn.net/v/t51.2885-19/468999606_907739127738971_1889242462629199863_n.jpg?stp=dst-jpg_s150x150_tt6&_nc_ht=z-p4-instagram.frjh7-1.fna.fbcdn.net&_nc_cat=111&_nc_oc=Q6cZ2QHUMWXwzJ5sAmJLszLd1mvGdUIdieVlyFJKy_SFfJic43VLkt16dElKdIrz3SiQK8r8D2SuGool1q1AaKkmohHF&_nc_ohc=Is4Ua8izVMoQ7kNvwHou8zl&_nc_gid=IDO6q0L8nNHuHgTxhG3ZtA&edm=AOG-cTkBAAAA&ccb=7-5&oh=00_AfHQVl8AipJGsYPn6oGfyd_31bd8GICTqrH2iMOOzfW7Yw&oe=680701EA&_nc_sid=17ea04
"uga ΑΓΡ
Joshua 1:9",https://www.instagram.com/brodie.mizer,https://z-p4-instagram.frjh7-1.fna.fbcdn.net/v/t51.2885-19/482340574_1381422173303609_8919224557102394138_n.jpg?stp=dst-jpg_s150x150_tt6&_nc_ht=z-p4-instagram.frjh7-1.fna.fbcdn.net&_nc_cat=105&_nc_oc=Q6cZ2QHUMWXwzJ5sAmJLszLd1mvGdUIdieVlyFJKy_SFfJic43VLkt16dElKdIrz3SiQK8r8D2SuGool1q1AaKkmohHF&_nc_ohc=DoTe87AAmDsQ7kNvwESfkBv&_nc_gid=IDO6q0L8nNHuHgTxhG3ZtA&edm=AOG-cTkBAAAA&ccb=7-5&oh=00_AfEADU6UjyeEod-Ey8-m-jkcgcNbXqvat8SSM5G0wwEw_w&oe=6806F3DC&_nc_sid=17ea04
"STMU 23 
Here’s to those who wish us well, all the rest can go to hell",https://www.instagram.com/notorious_scg,https://z-p4-instagram.frjh7-1.fna.fbcdn.net/v/t51.2885-19/468987780_583046960983582_4763607425307194281_n.jpg?stp=dst-jpg_s150x150_tt6&_nc_ht=z-p4-instagram.frjh7-1.fna.fbcdn.net&_nc_cat=110&_nc_oc=Q6cZ2QHUMWXwzJ5sAmJLszLd1mvGdUIdieVlyFJKy_SFfJic43VLkt16dElKdIrz3SiQK8r8D2SuGool1q1AaKkmohHF&_nc_ohc=WDQ1qz5DRjIQ7kNvwGi9doJ&_nc_gid=IDO6q0L8nNHuHgTxhG3ZtA&edm=AOG-cTkBAAAA&ccb=7-5&oh=00_AfEdaokStEGwcUjcSVXo7RGx-2_3IziGJD-ncZAv9yIs4w&oe=6806DFF9&_nc_sid=17ea04
"🇺🇸🦅🦌🎣🦆🦃
CDS⚾️
‭‭Luke 6:37",https://www.instagram.com/csanderson33,https://z-p4-instagram.frjh7-1.fna.fbcdn.net/v/t51.2885-19/416742657_1026746575052319_5658028141131749610_n.jpg?stp=dst-jpg_s150x150_tt6&_nc_ht=z-p4-instagram.frjh7-1.fna.fbcdn.net&_nc_cat=103&_nc_oc=Q6cZ2QHUMWXwzJ5sAmJLszLd1mvGdUIdieVlyFJKy_SFfJic43VLkt16dElKdIrz3SiQK8r8D2SuGool1q1AaKkmohHF&_nc_ohc=mQWA6NwwEowQ7kNvwF2iSr4&_nc_gid=IDO6q0L8nNHuHgTxhG3ZtA&edm=AOG-cTkBAAAA&ccb=7-5&oh=00_AfFEDJi557hqZ76UpNw6B8_5r5uuPKY7ffthk0U8T_8X5g&oe=6806DA8F&_nc_sid=17ea04
GA | @clemson_nursing 💜🧡🩺,https://www.instagram.com/livijelin,https://z-p4-instagram.frjh7-1.fna.fbcdn.net/v/t51.2885-19/489467119_634776796035139_1782296494218301242_n.jpg?stp=dst-jpg_s150x150_tt6&_nc_ht=z-p4-instagram.frjh7-1.fna.fbcdn.net&_nc_cat=107&_nc_oc=Q6cZ2QHUMWXwzJ5sAmJLszLd1mvGdUIdieVlyFJKy_SFfJic43VLkt16dElKdIrz3SiQK8r8D2SuGool1q1AaKkmohHF&_nc_ohc=UzWHJ5N_QwQQ7kNvwEFFwJV&_nc_gid=IDO6q0L8nNHuHgTxhG3ZtA&edm=AOG-cTkBAAAA&ccb=7-5&oh=00_AfHJDdj7vYCGoE8xo-MoOkxqTUWO0aJI9tw7fcJGZFKSzA&oe=6806F699&_nc_sid=17ea04
"🚚Athens GA’s premier mobile beer + cocktail bar! 🎂🏟️💍⛳️🍻Choose your drinks on tap, self-serve or served. Book our tap trailer for your next event ⬇️",https://www.instagram.com/athens_on_tap,https://z-p4-instagram.frjh7-1.fna.fbcdn.net/v/t51.2885-19/486674231_23937345939199549_7473982168468146042_n.jpg?stp=dst-jpg_s150x150_tt6&_nc_ht=z-p4-instagram.frjh7-1.fna.fbcdn.net&_nc_cat=101&_nc_oc=Q6cZ2QHUMWXwzJ5sAmJLszLd1mvGdUIdieVlyFJKy_SFfJic43VLkt16dElKdIrz3SiQK8r8D2SuGool1q1AaKkmohHF&_nc_ohc=W5LgWbRkb88Q7kNvwEmG847&_nc_gid=IDO6q0L8nNHuHgTxhG3ZtA&edm=AOG-cTkBAAAA&ccb=7-5&oh=00_AfEPySZMOEpcASklZ_Vnedy0SD5xDHbhyTYLDM24nLcFog&oe=68070373&_nc_sid=17ea04
Georgia Southern ‘26,https://www.instagram.com/jenna_waldrip,https://z-p4-instagram.frjh7-1.fna.fbcdn.net/v/t51.2885-19/491461980_3015592271930741_3314208172404444216_n.jpg?stp=dst-jpg_s150x150_tt6&_nc_ht=z-p4-instagram.frjh7-1.fna.fbcdn.net&_nc_cat=105&_nc_oc=Q6cZ2QHUMWXwzJ5sAmJLszLd1mvGdUIdieVlyFJKy_SFfJic43VLkt16dElKdIrz3SiQK8r8D2SuGool1q1AaKkmohHF&_nc_ohc=8UFKPGxY-bAQ7kNvwGlTO7n&_nc_gid=IDO6q0L8nNHuHgTxhG3ZtA&edm=AOG-cTkBAAAA&ccb=7-5&oh=00_AfGsPtQrdbPOr9BQVp1W6Vb5DGT9ClfDT3FUmpIHv5qVog&oe=68070222&_nc_sid=17ea04